Id_Hecho,SAG_Codigo,Id_Cambio,Id_Lote,Id_Proceso,Id_Fecha,Id_Packing,Id_Frigorifico,Tratamiento,Productividad,Rechazo,Sanitario,Indicador_Bins,Ciclo,Capacidad,Enfriamiento,Exportar,Error
HEC001,SAG01,CAM007,LOT001,PRO001,FEC001,PAC001,FRI001,0.207,76.34,23.66,100.0,100.0,1.93,4.155,1.725,1,0
HEC002,SAG02,CAM007,LOT001,PRO002,FEC001,PAC001,FRI001,0.207,77.44,22.56,100.0,100.0,1.93,1.661,1.725,1,0
HEC003,SAG03,CAM007,LOT001,PRO003,FEC001,PAC001,FRI001,0.207,89.05,10.95,100.0,100.0,1.93,0.846,1.725,1,0
HEC004,SAG04,CAM007,LOT001,PRO004,FEC001,PAC001,FRI001,0.207,84.18,15.82,100.0,100.0,1.93,7.115,1.725,1,0
HEC005,SAG05,CAM007,LOT001,PRO005,FEC001,PAC001,FRI001,0.207,79.92,20.08,100.0,100.0,1.93,1.902,1.725,1,0
HEC006,SAG06,CAM007,LOT001,PRO006,FEC001,PAC001,FRI001,0.207,77.73,22.27,100.0,100.0,1.93,1.169,1.725,1,0
HEC007,SAG07,CAM007,LOT001,PRO007,FEC001,PAC001,FRI001,0.207,77.3,22.7,100.0,100.0,1.93,0.974,1.725,1,0
HEC008,SAG08,CAM007,LOT001,PRO008,FEC001,PAC001,FRI001,0.207,89.55,10.45,100.0,100.0,1.93,1.165,1.725,1,0
HEC009,SAG09,CAM007,LOT001,PRO009,FEC001,PAC001,FRI001,0.207,82.74,17.26,100.0,100.0,1.93,6.998,1.725,1,0
HEC010,SAG10,CAM007,LOT001,PRO010,FEC001,PAC001,FRI001,0.207,84.25,15.75,100.0,100.0,1.93,5.724,1.725,1,0
HEC011,SAG11,CAM007,LOT001,PRO011,FEC001,PAC001,FRI001,0.207,75.76,24.24,100.0,100.0,1.93,2.403,1.725,1,0
HEC012,SAG12,CAM007,LOT001,PRO012,FEC001,PAC001,FRI001,0.207,75.21,24.79,100.0,100.0,1.93,6.487,1.725,1,0
HEC013,SAG13,CAM007,LOT001,PRO013,FEC001,PAC001,FRI001,0.207,80.81,19.19,100.0,100.0,1.93,3.993,1.725,1,0
HEC014,SAG14,CAM007,LOT001,PRO014,FEC001,PAC001,FRI001,0.207,78.99,21.01,100.0,100.0,1.93,3.364,1.725,1,0
HEC015,SAG15,CAM007,LOT001,PRO015,FEC001,PAC001,FRI001,0.207,88.45,11.55,100.0,100.0,1.93,4.044,1.725,1,0
HEC016,SAG16,CAM007,LOT001,PRO016,FEC001,PAC001,FRI001,0.207,86.16,13.84,100.0,100.0,1.93,0.473,1.725,1,0
HEC017,SAG17,CAM007,LOT001,PRO017,FEC001,PAC001,FRI001,0.207,89.15,10.85,100.0,100.0,1.93,2.522,1.725,1,0
HEC018,SAG18,CAM007,LOT001,PRO018,FEC001,PAC001,FRI001,0.207,80.01,19.99,100.0,100.0,1.93,4.384,1.725,1,0
HEC019,SAG19,CAM008,LOT001,PRO019,FEC001,PAC001,FRI001,0.207,81.41,18.59,100.0,100.0,1.93,0.88,1.725,1,0
HEC020,SAG20,CAM008,LOT001,PRO020,FEC001,PAC001,FRI001,0.207,81.24,18.76,100.0,100.0,1.93,8.005,1.725,1,0
HEC021,SAG21,CAM008,LOT001,PRO021,FEC001,PAC001,FRI001,0.207,81.73,18.27,100.0,100.0,1.93,3.046,1.725,1,0
HEC022,SAG22,CAM008,LOT001,PRO022,FEC001,PAC001,FRI001,0.207,80.28,19.72,100.0,100.0,1.93,4.825,1.725,1,0
HEC023,SAG23,CAM008,LOT001,PRO023,FEC001,PAC001,FRI001,0.207,84.6,15.4,100.0,100.0,1.93,1.126,1.725,1,0
HEC024,SAG24,CAM008,LOT001,PRO024,FEC001,PAC001,FRI001,0.207,82.65,17.35,100.0,100.0,1.93,2.886,1.725,1,0
HEC025,SAG25,CAM008,LOT001,PRO025,FEC001,PAC001,FRI001,0.207,80.56,19.44,100.0,100.0,1.93,7.978,1.725,1,0
HEC026,SAG26,CAM008,LOT001,PRO026,FEC001,PAC001,FRI001,0.207,75.81,24.19,100.0,100.0,1.93,0.351,1.725,1,0
HEC027,SAG27,CAM008,LOT001,PRO027,FEC001,PAC001,FRI001,0.207,83.06,16.94,100.0,100.0,1.93,4.505,1.725,1,0
HEC028,SAG28,CAM008,LOT001,PRO028,FEC001,PAC001,FRI001,0.207,83.3,16.7,100.0,100.0,1.93,0.823,1.725,1,0
HEC029,SAG29,CAM008,LOT001,PRO029,FEC001,PAC001,FRI001,0.207,78.64,21.36,100.0,100.0,1.93,4.539,1.725,1,0
HEC030,SAG30,CAM008,LOT001,PRO030,FEC001,PAC001,FRI001,0.207,81.56,18.44,100.0,100.0,1.93,7.911,1.725,1,0
HEC031,SAG31,CAM008,LOT001,PRO031,FEC001,PAC001,FRI001,0.207,80.76,19.24,100.0,100.0,1.93,5.03,1.725,1,0
HEC032,SAG32,CAM008,LOT001,PRO032,FEC001,PAC001,FRI001,0.207,83.16,16.84,100.0,100.0,1.93,6.656,1.725,1,0
HEC033,SAG33,CAM008,LOT001,PRO033,FEC001,PAC001,FRI001,0.207,75.95,24.05,100.0,100.0,1.93,5.816,1.725,1,0
HEC034,SAG34,CAM008,LOT001,PRO034,FEC001,PAC001,FRI001,0.207,82.58,17.42,100.0,100.0,1.93,2.886,1.725,1,0
HEC035,SAG35,CAM008,LOT001,PRO035,FEC001,PAC001,FRI001,0.207,88.71,11.29,100.0,100.0,1.93,2.57,1.725,1,0
HEC036,SAG36,CAM008,LOT001,PRO036,FEC001,PAC001,FRI001,0.207,89.32,10.68,100.0,100.0,1.93,2.92,1.725,1,0
HEC037,SAG37,CAM008,LOT001,PRO037,FEC001,PAC001,FRI001,0.207,79.54,20.46,100.0,100.0,1.93,4.079,1.725,1,0
HEC038,SAG38,CAM008,LOT001,PRO038,FEC001,PAC001,FRI001,0.207,82.84,17.16,100.0,100.0,1.93,5.323,1.725,1,0
HEC039,SAG39,CAM008,LOT001,PRO039,FEC001,PAC001,FRI001,0.207,76.91,23.09,100.0,100.0,1.93,4.666,1.725,1,0
HEC040,SAG40,CAM008,LOT001,PRO040,FEC001,PAC001,FRI001,0.207,79.7,20.3,100.0,100.0,1.93,3.742,1.725,1,0
HEC041,SAG41,CAM008,LOT001,PRO041,FEC001,PAC001,FRI001,0.207,82.35,17.65,100.0,100.0,1.93,5.843,1.725,1,0
HEC042,SAG42,CAM008,LOT001,PRO042,FEC001,PAC002,FRI001,0.207,78.35,21.65,100.0,100.0,1.95,4.585,1.725,1,0
HEC043,SAG43,CAM008,LOT001,PRO043,FEC001,PAC002,FRI001,0.207,75.43,24.57,100.0,100.0,1.95,0.347,1.725,1,0
HEC044,SAG44,CAM008,LOT001,PRO044,FEC001,PAC002,FRI001,0.207,80.32,19.68,100.0,100.0,1.95,1.098,1.725,1,0
HEC045,SAG45,CAM008,LOT001,PRO045,FEC001,PAC003,FRI001,0.207,80.44,19.56,100.0,100.0,1.965,3.932,1.725,1,0
HEC046,SAG46,CAM008,LOT001,PRO046,FEC001,PAC003,FRI001,0.207,84.13,15.87,100.0,100.0,1.965,0.827,1.725,1,0
HEC047,SAG47,CAM008,LOT001,PRO047,FEC001,PAC003,FRI001,0.207,84.09,15.91,100.0,100.0,1.965,6.379,1.725,1,0
HEC048,SAG48,CAM008,LOT001,PRO048,FEC001,PAC003,FRI001,0.207,76.23,23.77,100.0,100.0,1.965,3.955,1.725,1,0
HEC049,SAG49,CAM008,LOT001,PRO049,FEC001,PAC003,FRI001,0.207,88.77,11.23,100.0,100.0,1.965,7.162,1.725,1,0
HEC050,SAG50,CAM004,LOT002,PRO050,FEC002,PAC004,FRI002,0.287,85.19,14.81,100.0,100.0,1.093,0.512,0.766,1,0
HEC051,SAG51,CAM004,LOT002,PRO051,FEC002,PAC004,FRI002,0.287,77.03,22.97,100.0,100.0,1.093,4.715,0.766,1,0
HEC052,SAG52,CAM004,LOT002,PRO052,FEC002,PAC004,FRI002,0.287,86.37,13.63,100.0,100.0,1.093,7.655,0.766,1,0
HEC053,SAG53,CAM004,LOT002,PRO053,FEC002,PAC004,FRI002,0.287,77.35,22.65,100.0,100.0,1.093,5.283,0.766,1,0
HEC054,SAG54,CAM004,LOT002,PRO054,FEC002,PAC004,FRI002,0.287,85.41,14.59,100.0,100.0,1.093,3.115,0.766,1,0
HEC055,SAG55,CAM004,LOT002,PRO055,FEC002,PAC004,FRI002,0.287,80.25,19.75,100.0,100.0,1.093,3.254,0.766,1,0
HEC056,SAG56,CAM004,LOT002,PRO056,FEC002,PAC004,FRI002,0.287,76.75,23.25,100.0,100.0,1.093,6.59,0.766,1,0
HEC057,SAG57,CAM004,LOT002,PRO057,FEC002,PAC004,FRI002,0.287,80.18,19.82,100.0,100.0,1.093,4.308,0.766,1,0
HEC058,SAG58,CAM004,LOT002,PRO058,FEC002,PAC004,FRI002,0.287,80.93,19.07,100.0,100.0,1.093,3.759,0.766,1,0
HEC059,SAG59,CAM004,LOT002,PRO059,FEC002,PAC004,FRI002,0.287,82.69,17.31,100.0,100.0,1.093,5.001,0.766,1,0
HEC060,SAG60,CAM004,LOT002,PRO060,FEC002,PAC004,FRI002,0.287,77.41,22.59,100.0,100.0,1.093,2.224,0.766,1,0
HEC061,SAG61,CAM004,LOT002,PRO061,FEC002,PAC004,FRI002,0.287,78.25,21.75,100.0,100.0,1.093,2.767,0.766,1,0
HEC062,SAG62,CAM004,LOT002,PRO062,FEC002,PAC004,FRI002,0.287,86.7,13.3,100.0,100.0,1.093,3.448,0.766,1,0
HEC063,SAG63,CAM004,LOT002,PRO063,FEC002,PAC004,FRI002,0.287,76.4,23.6,100.0,100.0,1.093,3.904,0.766,1,0
HEC064,SAG64,CAM004,LOT002,PRO064,FEC002,PAC004,FRI002,0.287,88.29,11.71,100.0,100.0,1.093,3.265,0.766,1,0
HEC065,SAG65,CAM004,LOT002,PRO065,FEC002,PAC004,FRI002,0.287,86.59,13.41,100.0,100.0,1.093,6.528,0.766,1,0
HEC066,SAG66,CAM004,LOT002,PRO066,FEC002,PAC004,FRI002,0.287,87.77,12.23,100.0,100.0,1.093,0.61,0.766,1,0
HEC067,SAG67,CAM004,LOT002,PRO067,FEC002,PAC004,FRI002,0.287,84.35,15.65,100.0,100.0,1.093,5.131,0.766,1,0
HEC068,SAG68,CAM004,LOT002,PRO068,FEC002,PAC004,FRI002,0.287,79.43,20.57,100.0,100.0,1.093,2.718,0.766,1,0
HEC069,SAG69,CAM004,LOT002,PRO069,FEC002,PAC004,FRI002,0.287,79.16,20.84,100.0,100.0,1.093,3.486,0.766,1,0
HEC070,SAG70,CAM004,LOT002,PRO070,FEC002,PAC004,FRI002,0.287,87.96,12.04,100.0,100.0,1.093,3.258,0.766,1,0
HEC071,SAG71,CAM004,LOT002,PRO071,FEC002,PAC004,FRI002,0.287,87.55,12.45,100.0,100.0,1.093,6.742,0.766,1,0
HEC072,SAG72,CAM004,LOT002,PRO072,FEC002,PAC004,FRI002,0.287,84.89,15.11,100.0,100.0,1.093,0.382,0.766,1,0
HEC073,SAG73,CAM004,LOT002,PRO073,FEC002,PAC004,FRI002,0.287,78.0,22.0,100.0,100.0,1.093,2.216,0.766,1,0
HEC074,SAG74,CAM004,LOT002,PRO074,FEC002,PAC004,FRI002,0.287,83.47,16.53,100.0,100.0,1.093,2.651,0.766,1,0
HEC075,SAG75,CAM004,LOT002,PRO075,FEC002,PAC004,FRI002,0.287,89.98,10.02,100.0,100.0,1.093,3.171,0.766,1,0
HEC076,SAG76,CAM004,LOT002,PRO076,FEC002,PAC004,FRI002,0.287,85.46,14.54,100.0,100.0,1.093,2.951,0.766,1,0
HEC077,SAG77,CAM004,LOT002,PRO077,FEC002,PAC004,FRI002,0.287,76.07,23.93,100.0,100.0,1.093,6.661,0.766,1,0
HEC078,SAG78,CAM004,LOT002,PRO078,FEC002,PAC004,FRI002,0.287,89.24,10.76,100.0,100.0,1.093,3.01,0.766,1,0
HEC079,SAG79,CAM004,LOT002,PRO079,FEC002,PAC004,FRI002,0.287,83.69,16.31,100.0,100.0,1.093,1.411,0.766,1,0
HEC080,SAG80,CAM004,LOT002,PRO080,FEC002,PAC004,FRI002,0.287,81.36,18.64,100.0,100.0,1.093,5.043,0.766,1,0
HEC081,SAG81,CAM004,LOT002,PRO081,FEC002,PAC004,FRI002,0.287,84.39,15.61,100.0,100.0,1.093,2.162,0.766,1,0
HEC082,SAG82,CAM004,LOT002,PRO082,FEC002,PAC004,FRI002,0.287,75.27,24.73,100.0,100.0,1.093,5.922,0.766,1,0
HEC083,SAG83,CAM009,LOT003,PRO083,FEC003,PAC005,FRI003,0.107,76.64,23.36,100.0,100.0,2.982,1.864,2.855,1,0
HEC084,SAG84,CAM009,LOT003,PRO084,FEC003,PAC005,FRI003,0.107,76.57,23.43,100.0,100.0,2.982,0.451,2.855,1,0
HEC085,SAG85,CAM009,LOT003,PRO085,FEC003,PAC005,FRI003,0.107,76.95,23.05,100.0,100.0,2.982,1.412,2.855,1,0
HEC086,SAG86,CAM009,LOT003,PRO086,FEC003,PAC005,FRI003,0.107,75.54,24.46,100.0,100.0,2.982,5.2,2.855,1,0
HEC087,SAG87,CAM009,LOT003,PRO087,FEC003,PAC005,FRI003,0.107,79.84,20.16,100.0,100.0,2.982,1.691,2.855,1,0
HEC088,SAG88,CAM009,LOT003,PRO088,FEC003,PAC005,FRI003,0.107,81.89,18.11,100.0,100.0,2.982,5.176,2.855,1,0
HEC089,SAG89,CAM009,LOT003,PRO089,FEC003,PAC005,FRI003,0.107,79.79,20.21,100.0,100.0,2.982,5.738,2.855,1,0
HEC090,SAG90,CAM009,LOT003,PRO090,FEC003,PAC005,FRI003,0.107,86.03,13.97,100.0,100.0,2.982,2.642,2.855,1,0
HEC091,SAG91,CAM009,LOT003,PRO091,FEC003,PAC005,FRI003,0.107,78.32,21.68,100.0,100.0,2.982,4.697,2.855,1,0
HEC092,SAG92,CAM009,LOT003,PRO092,FEC003,PAC005,FRI003,0.107,82.5,17.5,100.0,100.0,2.982,0.858,2.855,1,0
HEC093,SAG93,CAM009,LOT003,PRO093,FEC003,PAC005,FRI003,0.107,77.87,22.13,100.0,100.0,2.982,5.983,2.855,1,0
HEC094,SAG94,CAM009,LOT003,PRO094,FEC003,PAC005,FRI003,0.107,76.82,23.18,100.0,100.0,2.982,7.423,2.855,1,0
HEC095,SAG95,CAM009,LOT003,PRO095,FEC003,PAC005,FRI003,0.107,76.02,23.98,100.0,100.0,2.982,4.207,2.855,1,0
HEC096,SAG96,CAM009,LOT003,PRO096,FEC003,PAC005,FRI003,0.107,78.42,21.58,100.0,100.0,2.982,2.398,2.855,1,0
HEC097,SAG97,CAM009,LOT003,PRO097,FEC003,PAC005,FRI003,0.107,86.21,13.79,100.0,100.0,2.982,5.506,2.855,1,0
HEC098,SAG98,CAM009,LOT003,PRO098,FEC003,PAC005,FRI003,0.107,77.78,22.22,100.0,100.0,2.982,0.644,2.855,1,0
HEC099,SAG99,CAM009,LOT003,PRO099,FEC003,PAC006,FRI003,0.107,83.95,16.05,100.0,100.0,2.993,2.972,2.855,1,0
HEC100,SAG100,CAM009,LOT003,PRO100,FEC003,PAC006,FRI003,0.107,88.55,11.45,100.0,100.0,2.993,8.12,2.855,1,0
HEC101,SAG101,CAM009,LOT003,PRO101,FEC003,PAC006,FRI003,0.107,89.8,10.2,100.0,100.0,2.993,4.657,2.855,1,0
HEC102,SAG102,CAM009,LOT003,PRO102,FEC003,PAC006,FRI003,0.107,78.1,21.9,100.0,100.0,2.993,3.566,2.855,1,0
HEC103,SAG103,CAM009,LOT003,PRO103,FEC003,PAC006,FRI003,0.107,87.09,12.91,100.0,100.0,2.993,0.56,2.855,1,0
HEC104,SAG104,CAM009,LOT003,PRO104,FEC003,PAC006,FRI003,0.107,89.96,10.04,100.0,100.0,2.993,7.506,2.855,1,0
HEC105,SAG105,CAM009,LOT003,PRO105,FEC003,PAC006,FRI003,0.107,77.61,22.39,100.0,100.0,2.993,3.331,2.855,1,0
HEC106,SAG106,CAM009,LOT003,PRO106,FEC003,PAC007,FRI003,0.107,88.61,11.39,100.0,100.0,2.996,6.75,2.855,1,0
HEC107,SAG107,CAM009,LOT003,PRO107,FEC003,PAC007,FRI003,0.107,85.62,14.38,100.0,100.0,2.996,3.821,2.855,1,0
HEC108,SAG108,CAM009,LOT003,PRO108,FEC003,PAC007,FRI003,0.107,75.6,24.4,100.0,100.0,2.996,5.04,2.855,1,0
HEC109,SAG109,CAM009,LOT003,PRO109,FEC003,PAC007,FRI003,0.107,75.7,24.3,100.0,100.0,2.996,2.707,2.855,1,0
HEC110,SAG110,CAM009,LOT003,PRO110,FEC003,PAC007,FRI003,0.107,79.37,20.63,100.0,100.0,2.996,7.085,2.855,1,0
HEC111,SAG111,CAM009,LOT003,PRO111,FEC003,PAC008,FRI003,0.107,83.32,16.68,100.0,100.0,3.003,4.562,2.855,1,0
HEC112,SAG112,CAM009,LOT003,PRO112,FEC003,PAC008,FRI003,0.107,75.48,24.52,100.0,100.0,3.003,1.57,2.855,1,0
HEC113,SAG113,CAM009,LOT003,PRO113,FEC003,PAC008,FRI003,0.107,84.02,15.98,100.0,100.0,3.003,4.965,2.855,1,0
HEC114,SAG114,CAM009,LOT003,PRO114,FEC003,PAC008,FRI003,0.107,80.4,19.6,100.0,100.0,3.003,2.428,2.855,1,0
HEC115,SAG115,CAM009,LOT003,PRO115,FEC003,PAC008,FRI003,0.107,76.27,23.73,100.0,100.0,3.003,6.375,2.855,1,0
HEC116,SAG116,CAM009,LOT003,PRO116,FEC003,PAC008,FRI003,0.107,81.62,18.38,100.0,100.0,3.003,2.141,2.855,1,0
HEC117,SAG117,CAM009,LOT003,PRO117,FEC003,PAC008,FRI003,0.107,76.61,23.39,100.0,100.0,3.003,2.076,2.855,1,0
HEC118,SAG118,CAM009,LOT003,PRO118,FEC003,PAC008,FRI003,0.107,80.66,19.34,100.0,100.0,3.003,4.084,2.855,1,0
HEC119,SAG119,CAM009,LOT003,PRO119,FEC003,PAC008,FRI003,0.107,79.47,20.53,100.0,100.0,3.003,2.295,2.855,1,0
HEC120,SAG120,CAM009,LOT003,PRO120,FEC003,PAC008,FRI003,0.107,87.01,12.99,100.0,100.0,3.003,8.507,2.855,1,0
HEC121,SAG121,CAM009,LOT003,PRO121,FEC003,PAC008,FRI003,0.107,75.44,24.56,100.0,100.0,3.003,1.858,2.855,1,0
HEC122,SAG122,CAM009,LOT003,PRO122,FEC003,PAC008,FRI003,0.107,76.16,23.84,100.0,100.0,3.003,1.284,2.855,1,0
HEC123,SAG123,CAM009,LOT003,PRO123,FEC003,PAC008,FRI003,0.107,77.93,22.07,100.0,100.0,3.003,7.113,2.855,1,0
HEC124,SAG124,CAM005,LOT004,PRO124,FEC004,PAC009,FRI004,0.183,87.65,12.35,100.0,100.0,1.958,8.855,1.762,1,0
HEC125,SAG125,CAM005,LOT004,PRO125,FEC004,PAC009,FRI004,0.183,84.04,15.96,100.0,100.0,1.958,8.778,1.762,1,0
HEC126,SAG126,CAM005,LOT004,PRO126,FEC004,PAC009,FRI004,0.183,77.48,22.52,100.0,100.0,1.958,3.371,1.762,1,0
HEC127,SAG127,CAM005,LOT004,PRO127,FEC004,PAC009,FRI004,0.183,86.16,13.84,100.0,100.0,1.958,4.621,1.762,1,0
HEC128,SAG128,CAM005,LOT004,PRO128,FEC004,PAC009,FRI004,0.183,79.07,20.93,100.0,100.0,1.958,5.802,1.762,1,0
HEC129,SAG129,CAM005,LOT004,PRO129,FEC004,PAC009,FRI004,0.183,77.38,22.62,100.0,100.0,1.958,2.856,1.762,1,0
HEC130,SAG130,CAM005,LOT004,PRO130,FEC004,PAC009,FRI004,0.183,78.49,21.51,100.0,100.0,1.958,2.633,1.762,1,0
HEC131,SAG131,CAM005,LOT005,PRO131,FEC004,PAC010,FRI004,0.183,75.13,24.87,100.0,100.0,1.976,6.868,1.762,1,0
HEC132,SAG132,CAM005,LOT005,PRO132,FEC004,PAC010,FRI004,0.183,89.2,10.8,100.0,100.0,1.976,10.378,1.762,1,0
HEC133,SAG133,CAM005,LOT005,PRO133,FEC004,PAC010,FRI004,0.183,84.95,15.05,100.0,100.0,1.976,3.958,1.762,1,0
HEC134,SAG134,CAM005,LOT005,PRO134,FEC004,PAC010,FRI004,0.183,78.73,21.27,100.0,100.0,1.976,3.314,1.762,1,0
HEC135,SAG135,CAM005,LOT005,PRO135,FEC004,PAC010,FRI004,0.183,78.31,21.69,100.0,100.0,1.976,2.013,1.762,1,0
HEC136,SAG136,CAM005,LOT005,PRO136,FEC004,PAC010,FRI004,0.183,75.63,24.37,100.0,100.0,1.976,0.411,1.762,1,0
HEC137,SAG137,CAM005,LOT005,PRO137,FEC004,PAC010,FRI004,0.183,87.77,12.23,100.0,100.0,1.976,9.442,1.762,1,0
HEC138,SAG138,CAM005,LOT005,PRO138,FEC004,PAC011,FRI004,0.183,89.26,10.74,100.0,100.0,1.979,10.57,1.762,1,0
HEC139,SAG139,CAM005,LOT005,PRO139,FEC004,PAC011,FRI004,0.183,80.77,19.23,100.0,100.0,1.979,7.556,1.762,1,0
HEC140,SAG140,CAM005,LOT005,PRO140,FEC004,PAC011,FRI004,0.183,76.25,23.75,100.0,100.0,1.979,7.838,1.762,1,0
HEC141,SAG141,CAM005,LOT005,PRO141,FEC004,PAC011,FRI004,0.183,85.84,14.16,100.0,100.0,1.979,2.403,1.762,1,0
HEC142,SAG142,CAM005,LOT005,PRO142,FEC004,PAC011,FRI004,0.183,80.03,19.97,100.0,100.0,1.979,6.426,1.762,1,0
HEC143,SAG143,CAM005,LOT005,PRO143,FEC004,PAC012,FRI004,0.183,89.47,10.53,100.0,100.0,2.105,4.144,1.762,1,0
HEC144,SAG144,CAM005,LOT005,PRO144,FEC004,PAC012,FRI004,0.183,76.13,23.87,100.0,100.0,2.105,4.895,1.762,1,0
HEC145,SAG145,CAM005,LOT005,PRO145,FEC004,PAC013,FRI004,0.183,79.17,20.83,100.0,100.0,2.129,5.275,1.762,1,0
HEC146,SAG146,CAM005,LOT005,PRO146,FEC004,PAC013,FRI004,0.183,85.04,14.96,100.0,100.0,2.129,4.25,1.762,1,0
HEC147,SAG147,CAM005,LOT005,PRO147,FEC004,PAC013,FRI004,0.183,82.44,17.56,100.0,100.0,2.129,7.276,1.762,1,0
HEC148,SAG148,CAM005,LOT005,PRO148,FEC004,PAC013,FRI004,0.183,82.27,17.73,100.0,100.0,2.129,8.736,1.762,1,0
HEC149,SAG149,CAM005,LOT005,PRO149,FEC004,PAC013,FRI004,0.183,82.76,17.24,100.0,100.0,2.129,4.91,1.762,1,0
HEC150,SAG150,CAM002,LOT007,PRO150,FEC005,PAC014,FRI005,0.064,81.31,18.69,100.0,100.0,2.035,6.03,1.964,1,0
HEC151,SAG151,CAM002,LOT007,PRO151,FEC005,PAC014,FRI005,0.064,85.65,14.35,100.0,100.0,2.035,3.119,1.964,1,0
HEC152,SAG152,CAM002,LOT007,PRO152,FEC005,PAC014,FRI005,0.064,87.67,12.33,100.0,100.0,2.035,6.956,1.964,1,0
HEC153,SAG153,CAM002,LOT007,PRO153,FEC005,PAC014,FRI005,0.064,85.56,14.44,100.0,100.0,2.035,2.117,1.964,1,0
HEC154,SAG154,CAM002,LOT007,PRO154,FEC005,PAC014,FRI005,0.064,76.83,23.17,100.0,100.0,2.035,5.797,1.964,1,0
HEC155,SAG155,CAM002,LOT007,PRO155,FEC005,PAC014,FRI005,0.064,88.08,11.92,100.0,100.0,2.035,3.232,1.964,1,0
HEC156,SAG156,CAM002,LOT007,PRO156,FEC005,PAC014,FRI005,0.064,88.29,11.71,100.0,100.0,2.035,2.035,1.964,1,0
HEC157,SAG157,CAM002,LOT007,PRO157,FEC005,PAC014,FRI005,0.064,83.64,16.36,100.0,100.0,2.035,1.201,1.964,1,0
HEC158,SAG158,CAM002,LOT007,PRO158,FEC005,PAC014,FRI005,0.064,82.59,17.41,100.0,100.0,2.035,4.448,1.964,1,0
HEC159,SAG159,CAM002,LOT007,PRO159,FEC005,PAC014,FRI005,0.064,81.8,18.2,100.0,100.0,2.035,6.965,1.964,1,0
HEC160,SAG160,CAM002,LOT007,PRO160,FEC005,PAC014,FRI005,0.064,84.2,15.8,100.0,100.0,2.035,7.785,1.964,1,0
HEC161,SAG161,CAM002,LOT007,PRO161,FEC005,PAC014,FRI005,0.064,76.98,23.02,100.0,100.0,2.035,2.921,1.964,1,0
HEC162,SAG162,CAM002,LOT007,PRO162,FEC005,PAC014,FRI005,0.064,87.6,12.4,100.0,100.0,2.035,7.161,1.964,1,0
HEC163,SAG163,CAM002,LOT007,PRO163,FEC005,PAC014,FRI005,0.064,89.74,10.26,100.0,100.0,2.035,7.129,1.964,1,0
HEC164,SAG164,CAM002,LOT007,PRO164,FEC005,PAC014,FRI005,0.064,79.32,20.68,100.0,100.0,2.035,5.985,1.964,1,0
HEC165,SAG165,CAM002,LOT007,PRO165,FEC005,PAC014,FRI005,0.064,84.56,15.44,100.0,100.0,2.035,7.368,1.964,1,0
HEC166,SAG166,CAM002,LOT007,PRO166,FEC005,PAC014,FRI005,0.064,83.88,16.12,100.0,100.0,2.035,3.2,1.964,1,0
HEC167,SAG167,CAM002,LOT007,PRO167,FEC005,PAC014,FRI005,0.064,77.95,22.05,100.0,100.0,2.035,3.071,1.964,1,0
HEC168,SAG168,CAM002,LOT007,PRO168,FEC005,PAC014,FRI005,0.064,84.73,15.27,100.0,100.0,2.035,1.665,1.964,1,0
HEC169,SAG169,CAM002,LOT007,PRO169,FEC005,PAC014,FRI005,0.064,83.38,16.62,100.0,100.0,2.035,1.241,1.964,1,0
HEC170,SAG170,CAM002,LOT007,PRO170,FEC005,PAC014,FRI005,0.064,79.37,20.63,100.0,100.0,2.035,2.328,1.964,1,0
HEC171,SAG171,CAM002,LOT007,PRO171,FEC005,PAC015,FRI005,0.064,76.41,23.59,100.0,100.0,2.041,5.402,1.964,1,0
HEC172,SAG172,CAM002,LOT007,PRO172,FEC005,PAC015,FRI005,0.064,85.31,14.69,100.0,100.0,2.041,0.602,1.964,1,0
HEC173,SAG173,CAM002,LOT007,PRO173,FEC005,PAC015,FRI005,0.064,81.37,18.63,100.0,100.0,2.041,0.415,1.964,1,0
HEC174,SAG174,CAM002,LOT007,PRO174,FEC005,PAC015,FRI005,0.064,85.15,14.85,100.0,100.0,2.041,2.509,1.964,1,0
HEC175,SAG175,CAM002,LOT007,PRO175,FEC005,PAC015,FRI005,0.064,89.12,10.88,100.0,100.0,2.041,3.592,1.964,1,0
HEC176,SAG176,CAM002,LOT007,PRO176,FEC005,PAC015,FRI005,0.064,81.26,18.74,100.0,100.0,2.041,4.31,1.964,1,0
HEC177,SAG177,CAM002,LOT007,PRO177,FEC005,PAC015,FRI005,0.064,89.81,10.19,100.0,100.0,2.041,3.943,1.964,1,0
HEC178,SAG178,CAM002,LOT007,PRO178,FEC005,PAC015,FRI005,0.064,75.16,24.84,100.0,100.0,2.041,3.932,1.964,1,0
HEC179,SAG179,CAM002,LOT007,PRO179,FEC005,PAC015,FRI005,0.064,82.05,17.95,100.0,100.0,2.041,2.525,1.964,1,0
HEC180,SAG180,CAM002,LOT007,PRO180,FEC005,PAC015,FRI005,0.064,87.4,12.6,100.0,100.0,2.041,5.594,1.964,1,0
HEC181,SAG181,CAM002,LOT007,PRO181,FEC005,PAC015,FRI005,0.064,82.38,17.62,100.0,100.0,2.041,6.248,1.964,1,0
HEC182,SAG182,CAM002,LOT008,PRO182,FEC006,PAC015,FRI005,0.005,86.47,13.53,100.0,100.0,1.982,1.59,1.964,1,0
HEC183,SAG183,CAM002,LOT008,PRO183,FEC006,PAC015,FRI005,0.005,85.27,14.73,100.0,100.0,1.982,0.485,1.964,1,0
HEC184,SAG184,CAM002,LOT008,PRO184,FEC006,PAC015,FRI005,0.005,77.71,22.29,100.0,100.0,1.982,0.322,1.964,1,0
HEC185,SAG185,CAM002,LOT008,PRO185,FEC006,PAC015,FRI005,0.005,85.24,14.76,100.0,100.0,1.982,0.7,1.964,1,0
HEC186,SAG186,CAM002,LOT008,PRO186,FEC006,PAC015,FRI005,0.005,81.95,18.05,100.0,100.0,1.982,4.654,1.964,1,0
HEC187,SAG187,CAM002,LOT008,PRO187,FEC006,PAC015,FRI005,0.005,83.71,16.29,100.0,100.0,1.982,8.879,1.964,1,0
HEC188,SAG188,CAM002,LOT008,PRO188,FEC006,PAC015,FRI005,0.005,78.44,21.56,100.0,100.0,1.982,1.869,1.964,1,0
HEC189,SAG189,CAM002,LOT008,PRO189,FEC006,PAC015,FRI005,0.005,79.24,20.76,100.0,100.0,1.982,0.759,1.964,1,0
HEC190,SAG190,CAM002,LOT008,PRO190,FEC006,PAC015,FRI005,0.005,87.72,12.28,100.0,100.0,1.982,8.365,1.964,1,0
HEC191,SAG191,CAM002,LOT008,PRO191,FEC006,PAC015,FRI005,0.005,81.4,18.6,100.0,100.0,1.982,2.374,1.964,1,0
HEC192,SAG192,CAM002,LOT008,PRO192,FEC006,PAC016,FRI005,0.005,89.32,10.68,100.0,100.0,1.983,7.519,1.964,1,0
HEC193,SAG193,CAM002,LOT008,PRO193,FEC006,PAC016,FRI005,0.005,76.6,23.4,100.0,100.0,1.983,5.288,1.964,1,0
HEC194,SAG194,CAM002,LOT008,PRO194,FEC006,PAC016,FRI005,0.005,77.73,22.27,100.0,100.0,1.983,4.821,1.964,1,0
HEC195,SAG195,CAM002,LOT008,PRO195,FEC006,PAC016,FRI005,0.005,89.37,10.63,100.0,100.0,1.983,3.322,1.964,1,0
HEC196,SAG196,CAM002,LOT008,PRO196,FEC006,PAC016,FRI005,0.005,84.45,15.55,100.0,100.0,1.983,9.011,1.964,1,0
HEC197,SAG197,CAM002,LOT008,PRO197,FEC006,PAC016,FRI005,0.005,80.22,19.78,100.0,100.0,1.983,0.735,1.964,1,0
HEC198,SAG198,CAM002,LOT008,PRO198,FEC006,PAC016,FRI005,0.005,89.01,10.99,100.0,100.0,1.983,7.28,1.964,1,0
HEC199,SAG199,CAM002,LOT008,PRO199,FEC006,PAC016,FRI005,0.005,77.57,22.43,100.0,100.0,1.983,8.056,1.964,1,0
HEC200,SAG200,CAM002,LOT008,PRO200,FEC006,PAC016,FRI005,0.005,89.85,10.15,100.0,100.0,1.983,5.398,1.964,1,0
HEC201,SAG201,CAM002,LOT008,PRO201,FEC006,PAC016,FRI005,0.005,83.03,16.97,100.0,100.0,1.983,3.296,1.964,1,0
HEC202,SAG202,CAM002,LOT008,PRO202,FEC006,PAC016,FRI005,0.005,84.52,15.48,100.0,100.0,1.983,7.561,1.964,1,0
HEC203,SAG203,CAM002,LOT008,PRO203,FEC006,PAC016,FRI005,0.005,76.04,23.96,100.0,100.0,1.983,1.698,1.964,1,0
HEC204,SAG204,CAM002,LOT008,PRO204,FEC006,PAC016,FRI005,0.005,75.49,24.51,100.0,100.0,1.983,3.642,1.964,1,0
HEC205,SAG205,CAM002,LOT008,PRO205,FEC006,PAC016,FRI005,0.005,81.1,18.9,100.0,100.0,1.983,6.901,1.964,1,0
HEC206,SAG206,CAM002,LOT008,PRO206,FEC006,PAC016,FRI005,0.005,75.27,24.73,100.0,100.0,1.983,3.082,1.964,1,0
HEC207,SAG207,CAM002,LOT008,PRO207,FEC006,PAC016,FRI005,0.005,88.74,11.26,100.0,100.0,1.983,0.808,1.964,1,0
HEC208,SAG208,CAM002,LOT008,PRO208,FEC006,PAC016,FRI005,0.005,86.38,13.62,100.0,100.0,1.983,8.406,1.964,1,0
HEC209,SAG209,CAM002,LOT008,PRO209,FEC006,PAC016,FRI005,0.005,89.41,10.59,100.0,100.0,1.983,3.125,1.964,1,0
HEC210,SAG210,CAM002,LOT008,PRO210,FEC006,PAC016,FRI005,0.005,80.28,19.72,100.0,100.0,1.983,2.88,1.964,1,0
HEC211,SAG211,CAM002,LOT008,PRO211,FEC006,PAC016,FRI005,0.005,77.69,22.31,100.0,100.0,1.983,2.978,1.964,1,0
HEC212,SAG212,CAM002,LOT008,PRO212,FEC006,PAC016,FRI005,0.005,77.52,22.48,100.0,100.0,1.983,5.661,1.964,1,0
HEC213,SAG213,CAM002,LOT009,PRO213,FEC006,PAC017,FRI005,0.005,78.01,21.99,100.0,100.0,1.99,6.114,1.964,1,0
HEC214,SAG214,CAM002,LOT009,PRO214,FEC006,PAC017,FRI005,0.005,76.56,23.44,100.0,100.0,1.99,4.949,1.964,1,0
HEC215,SAG215,CAM002,LOT009,PRO215,FEC006,PAC017,FRI005,0.005,84.94,15.06,100.0,100.0,1.99,0.705,1.964,1,0
HEC216,SAG216,CAM002,LOT009,PRO216,FEC006,PAC017,FRI005,0.005,82.92,17.08,100.0,100.0,1.99,3.575,1.964,1,0
HEC217,SAG217,CAM002,LOT009,PRO217,FEC006,PAC017,FRI005,0.005,80.91,19.09,100.0,100.0,1.99,0.424,1.964,1,0
HEC218,SAG218,CAM002,LOT009,PRO218,FEC006,PAC017,FRI005,0.005,87.09,12.91,100.0,100.0,1.99,4.931,1.964,1,0
HEC219,SAG219,CAM002,LOT009,PRO219,FEC006,PAC017,FRI005,0.005,83.34,16.66,100.0,100.0,1.99,4.396,1.964,1,0
HEC220,SAG220,CAM002,LOT009,PRO220,FEC006,PAC017,FRI005,0.005,83.61,16.39,100.0,100.0,1.99,0.956,1.964,1,0
HEC221,SAG221,CAM002,LOT009,PRO221,FEC006,PAC017,FRI005,0.005,78.95,21.05,100.0,100.0,1.99,1.2,1.964,1,0
HEC222,SAG222,CAM002,LOT009,PRO222,FEC006,PAC017,FRI005,0.005,77.84,22.16,100.0,100.0,1.99,3.799,1.964,1,0
HEC223,SAG223,CAM002,LOT009,PRO223,FEC006,PAC017,FRI005,0.005,77.05,22.95,100.0,100.0,1.99,7.125,1.964,1,0
HEC224,SAG224,CAM002,LOT009,PRO224,FEC006,PAC017,FRI005,0.005,79.53,20.47,100.0,100.0,1.99,0.67,1.964,1,0
HEC225,SAG225,CAM002,LOT009,PRO225,FEC006,PAC017,FRI005,0.005,87.18,12.82,100.0,100.0,1.99,0.859,1.964,1,0
HEC226,SAG226,CAM002,LOT009,PRO226,FEC006,PAC017,FRI005,0.005,82.85,17.15,100.0,100.0,1.99,8.185,1.964,1,0
HEC227,SAG227,CAM002,LOT009,PRO227,FEC006,PAC017,FRI005,0.005,85.0,15.0,100.0,100.0,1.99,7.559,1.964,1,0
HEC228,SAG228,CAM002,LOT009,PRO228,FEC006,PAC017,FRI005,0.005,89.58,10.42,100.0,100.0,1.99,4.211,1.964,1,0
HEC229,SAG229,CAM002,LOT009,PRO229,FEC006,PAC017,FRI005,0.005,79.81,20.19,100.0,100.0,1.99,8.228,1.964,1,0
HEC230,SAG230,CAM002,LOT009,PRO230,FEC006,PAC017,FRI005,0.005,79.13,20.87,100.0,100.0,1.99,7.011,1.964,1,0
HEC231,SAG231,CAM002,LOT009,PRO231,FEC006,PAC017,FRI005,0.005,88.21,11.79,100.0,100.0,1.99,2.179,1.964,1,0
HEC232,SAG232,CAM002,LOT009,PRO232,FEC006,PAC017,FRI005,0.005,79.97,20.03,100.0,100.0,1.99,6.354,1.964,1,0
HEC233,SAG233,CAM002,LOT009,PRO233,FEC006,PAC017,FRI005,0.005,78.64,21.36,100.0,100.0,1.99,3.99,1.964,1,0
HEC234,SAG234,CAM002,LOT009,PRO234,FEC006,PAC018,FRI005,0.005,89.65,10.35,100.0,100.0,2.018,9.275,1.964,1,0
HEC235,SAG235,CAM002,LOT009,PRO235,FEC006,PAC018,FRI005,0.005,75.65,24.35,100.0,100.0,2.018,2.582,1.964,1,0
HEC236,SAG236,CAM002,LOT009,PRO236,FEC006,PAC018,FRI005,0.005,80.59,19.41,100.0,100.0,2.018,1.698,1.964,1,0
HEC237,SAG237,CAM002,LOT009,PRO237,FEC006,PAC018,FRI005,0.005,76.72,23.28,100.0,100.0,2.018,1.631,1.964,1,0
HEC238,SAG238,CAM002,LOT009,PRO238,FEC006,PAC018,FRI005,0.005,84.39,15.61,100.0,100.0,2.018,0.5,1.964,1,0
HEC239,SAG239,CAM002,LOT009,PRO239,FEC006,PAC018,FRI005,0.005,84.36,15.64,100.0,100.0,2.018,3.06,1.964,1,0
HEC240,SAG240,CAM002,LOT009,PRO240,FEC006,PAC018,FRI005,0.005,76.51,23.49,100.0,100.0,2.018,7.652,1.964,1,0
HEC241,SAG241,CAM002,LOT009,PRO241,FEC006,PAC018,FRI005,0.005,89.05,10.95,100.0,100.0,2.018,8.86,1.964,1,0
HEC242,SAG242,CAM002,LOT009,PRO242,FEC006,PAC018,FRI005,0.005,85.42,14.58,100.0,100.0,2.018,6.086,1.964,1,0
HEC243,SAG243,CAM002,LOT009,PRO243,FEC006,PAC018,FRI005,0.005,77.31,22.69,100.0,100.0,2.018,8.185,1.964,1,0
HEC244,SAG244,CAM002,LOT009,PRO244,FEC006,PAC018,FRI005,0.005,86.63,13.37,100.0,100.0,2.018,5.866,1.964,1,0
HEC245,SAG245,CAM002,LOT009,PRO245,FEC006,PAC018,FRI005,0.005,77.63,22.37,100.0,100.0,2.018,7.565,1.964,1,0
HEC246,SAG246,CAM002,LOT009,PRO246,FEC006,PAC018,FRI005,0.005,85.69,14.31,100.0,100.0,2.018,2.47,1.964,1,0
HEC247,SAG247,CAM002,LOT009,PRO247,FEC006,PAC018,FRI005,0.005,80.5,19.5,100.0,100.0,2.018,4.0,1.964,1,0
HEC248,SAG248,CAM002,LOT009,PRO248,FEC006,PAC018,FRI005,0.005,88.05,11.95,100.0,100.0,2.018,5.545,1.964,1,0
HEC249,SAG249,CAM002,LOT009,PRO249,FEC006,PAC018,FRI005,0.005,80.44,19.56,100.0,100.0,2.018,5.09,1.964,1,0
HEC250,SAG250,CAM002,LOT009,PRO250,FEC006,PAC018,FRI005,0.005,77.2,22.8,100.0,100.0,2.018,7.654,1.964,1,0
HEC251,SAG251,CAM002,LOT009,PRO251,FEC006,PAC018,FRI005,0.005,78.99,21.01,100.0,100.0,2.018,0.94,1.964,1,0
HEC252,SAG252,CAM002,LOT009,PRO252,FEC006,PAC018,FRI005,0.005,88.69,11.31,100.0,100.0,2.018,8.7,1.964,1,0
HEC253,SAG253,CAM002,LOT009,PRO253,FEC006,PAC018,FRI005,0.005,78.52,21.48,100.0,100.0,2.018,3.058,1.964,1,0
HEC254,SAG254,CAM002,LOT009,PRO254,FEC006,PAC018,FRI005,0.005,86.96,13.04,100.0,100.0,2.018,8.011,1.964,1,0
HEC255,SAG255,CAM001,LOT011,PRO255,FEC007,PAC019,FRI006,0.143,76.67,23.33,100.0,100.0,1.085,4.099,0.93,1,1
HEC256,SAG256,CAM001,LOT011,PRO256,FEC007,PAC019,FRI006,0.143,88.56,11.44,100.0,100.0,1.085,3.84,0.93,1,1
HEC257,SAG257,CAM001,LOT011,PRO257,FEC007,PAC019,FRI006,0.143,86.86,13.14,100.0,100.0,1.085,4.757,0.93,1,1
HEC258,SAG258,CAM001,LOT011,PRO258,FEC007,PAC019,FRI006,0.143,87.99,12.01,100.0,100.0,1.085,2.901,0.93,1,1
HEC259,SAG259,CAM001,LOT011,PRO259,FEC007,PAC019,FRI006,0.143,84.66,15.34,100.0,100.0,1.085,0.489,0.93,1,1
HEC260,SAG260,CAM001,LOT011,PRO260,FEC007,PAC019,FRI006,0.143,79.71,20.29,100.0,100.0,1.085,5.309,0.93,1,1
HEC261,SAG261,CAM001,LOT011,PRO261,FEC007,PAC019,FRI006,0.143,75.45,24.55,100.0,100.0,1.085,2.768,0.93,1,1
HEC262,SAG262,CAM001,LOT011,PRO262,FEC007,PAC019,FRI006,0.143,88.26,11.74,100.0,100.0,1.085,1.663,0.93,1,1
HEC263,SAG263,CAM001,LOT011,PRO263,FEC007,PAC019,FRI006,0.143,87.82,12.18,100.0,100.0,1.085,5.678,0.93,1,1
HEC264,SAG264,CAM001,LOT011,PRO264,FEC007,PAC019,FRI006,0.143,85.11,14.89,100.0,100.0,1.085,1.166,0.93,1,1
HEC265,SAG265,CAM001,LOT011,PRO265,FEC007,PAC019,FRI006,0.143,78.25,21.75,100.0,100.0,1.085,0.458,0.93,1,1
HEC266,SAG266,CAM001,LOT011,PRO266,FEC007,PAC019,FRI006,0.143,79.78,20.22,100.0,100.0,1.085,2.033,0.93,1,1
HEC267,SAG267,CAM001,LOT011,PRO267,FEC007,PAC019,FRI006,0.143,86.28,13.72,100.0,100.0,1.085,4.905,0.93,1,1
HEC268,SAG268,CAM001,LOT011,PRO268,FEC007,PAC019,FRI006,0.143,85.75,14.25,100.0,100.0,1.085,0.694,0.93,1,1
HEC269,SAG269,CAM001,LOT011,PRO269,FEC007,PAC019,FRI006,0.143,76.32,23.68,100.0,100.0,1.085,1.049,0.93,1,1
HEC270,SAG270,CAM001,LOT011,PRO270,FEC007,PAC019,FRI006,0.143,89.52,10.48,100.0,100.0,1.085,5.149,0.93,1,1
HEC271,SAG271,CAM001,LOT011,PRO271,FEC007,PAC019,FRI006,0.143,83.97,16.03,100.0,100.0,1.085,3.032,0.93,1,1
HEC272,SAG272,CAM001,LOT011,PRO272,FEC007,PAC019,FRI006,0.143,81.63,18.37,100.0,100.0,1.085,3.338,0.93,1,1
HEC273,SAG273,CAM001,LOT011,PRO273,FEC007,PAC020,FRI006,0.143,84.69,15.31,100.0,100.0,1.092,3.041,0.93,1,1
HEC274,SAG274,CAM001,LOT011,PRO274,FEC007,PAC020,FRI006,0.143,75.54,24.46,100.0,100.0,1.092,3.701,0.93,1,1
HEC275,SAG275,CAM001,LOT011,PRO275,FEC007,PAC020,FRI006,0.143,76.93,23.07,100.0,100.0,1.092,4.657,0.93,1,1
HEC276,SAG276,CAM001,LOT011,PRO276,FEC007,PAC020,FRI006,0.143,76.77,23.23,100.0,100.0,1.092,1.533,0.93,1,1
HEC277,SAG277,CAM001,LOT011,PRO277,FEC007,PAC020,FRI006,0.143,77.22,22.78,100.0,100.0,1.092,0.707,0.93,1,1
HEC278,SAG278,CAM001,LOT011,PRO278,FEC007,PAC020,FRI006,0.143,75.81,24.19,100.0,100.0,1.092,2.656,0.93,1,1
HEC279,SAG279,CAM001,LOT011,PRO279,FEC007,PAC020,FRI006,0.143,80.14,19.86,100.0,100.0,1.092,3.402,0.93,1,1
HEC280,SAG280,CAM001,LOT011,PRO280,FEC007,PAC020,FRI006,0.143,78.16,21.84,100.0,100.0,1.092,3.398,0.93,1,1
HEC281,SAG281,CAM001,LOT011,PRO281,FEC007,PAC020,FRI006,0.143,76.08,23.92,100.0,100.0,1.092,3.567,0.93,1,1
HEC282,SAG282,CAM001,LOT011,PRO282,FEC007,PAC020,FRI006,0.143,86.28,13.72,100.0,100.0,1.092,0.763,0.93,1,1
HEC283,SAG283,CAM001,LOT011,PRO283,FEC007,PAC020,FRI006,0.143,78.59,21.41,100.0,100.0,1.092,4.128,0.93,1,1
HEC284,SAG284,CAM001,LOT011,PRO284,FEC007,PAC020,FRI006,0.143,78.81,21.19,100.0,100.0,1.092,5.24,0.93,1,1
HEC285,SAG285,CAM001,LOT011,PRO285,FEC007,PAC020,FRI006,0.143,89.16,10.84,100.0,100.0,1.092,5.656,0.93,1,1
HEC286,SAG286,CAM001,LOT011,PRO286,FEC007,PAC020,FRI006,0.143,77.06,22.94,100.0,100.0,1.092,0.231,0.93,1,1
HEC287,SAG287,CAM001,LOT011,PRO287,FEC007,PAC020,FRI006,0.143,76.27,23.73,100.0,100.0,1.092,1.498,0.93,1,1
HEC288,SAG288,CAM001,LOT011,PRO288,FEC007,PAC020,FRI006,0.143,78.68,21.32,100.0,100.0,1.092,4.058,0.93,1,1
HEC289,SAG289,CAM001,LOT011,PRO289,FEC007,PAC020,FRI006,0.143,86.48,13.52,100.0,100.0,1.092,3.997,0.93,1,1
HEC290,SAG290,CAM001,LOT011,PRO290,FEC007,PAC021,FRI006,0.143,78.1,21.9,100.0,100.0,1.096,2.847,0.93,1,1
HEC291,SAG291,CAM001,LOT011,PRO291,FEC007,PAC021,FRI006,0.143,84.24,15.76,100.0,100.0,1.096,3.624,0.93,1,1
HEC292,SAG292,CAM001,LOT011,PRO292,FEC007,PAC021,FRI006,0.143,84.85,15.15,100.0,100.0,1.096,2.154,0.93,1,1
HEC293,SAG293,CAM001,LOT011,PRO293,FEC007,PAC021,FRI006,0.143,75.04,24.96,100.0,100.0,1.096,0.683,0.93,1,1
HEC294,SAG294,CAM001,LOT011,PRO294,FEC007,PAC021,FRI006,0.143,78.37,21.63,100.0,100.0,1.096,3.442,0.93,1,1
HEC295,SAG295,CAM006,LOT012,PRO295,FEC008,PAC021,FRI007,0.105,87.44,12.56,100.0,100.0,1.048,2.901,0.929,1,0
HEC296,SAG296,CAM006,LOT012,PRO296,FEC008,PAC021,FRI007,0.105,75.23,24.77,100.0,100.0,1.048,3.782,0.929,1,0
HEC297,SAG297,CAM006,LOT012,PRO297,FEC008,PAC021,FRI007,0.105,77.89,22.11,100.0,100.0,1.048,3.491,0.929,1,0
HEC298,SAG298,CAM006,LOT012,PRO298,FEC008,PAC021,FRI007,0.105,88.87,11.13,100.0,100.0,1.048,2.365,0.929,1,0
HEC299,SAG299,CAM006,LOT012,PRO299,FEC008,PAC021,FRI007,0.105,85.9,14.1,100.0,100.0,1.048,1.564,0.929,1,0
HEC300,SAG300,CAM006,LOT012,PRO300,FEC008,PAC021,FRI007,0.105,75.86,24.14,100.0,100.0,1.048,1.259,0.929,1,0
HEC301,SAG301,CAM006,LOT012,PRO301,FEC008,PAC021,FRI007,0.105,75.99,24.01,100.0,100.0,1.048,0.701,0.929,1,0
HEC302,SAG302,CAM006,LOT012,PRO302,FEC008,PAC021,FRI007,0.105,79.65,20.35,100.0,100.0,1.048,2.913,0.929,1,0
HEC303,SAG303,CAM006,LOT012,PRO303,FEC008,PAC021,FRI007,0.105,79.62,20.38,100.0,100.0,1.048,3.843,0.929,1,0
HEC304,SAG304,CAM006,LOT012,PRO304,FEC008,PAC021,FRI007,0.105,86.76,13.24,100.0,100.0,1.048,4.792,0.929,1,0
HEC305,SAG305,CAM006,LOT012,PRO305,FEC008,PAC021,FRI007,0.105,84.3,15.7,100.0,100.0,1.048,3.379,0.929,1,0
HEC306,SAG306,CAM006,LOT012,PRO306,FEC008,PAC021,FRI007,0.105,80.68,19.32,100.0,100.0,1.048,1.573,0.929,1,0
HEC307,SAG307,CAM006,LOT012,PRO307,FEC008,PAC022,FRI007,0.105,87.58,12.42,100.0,100.0,1.065,0.616,0.929,1,0
HEC308,SAG308,CAM006,LOT012,PRO308,FEC008,PAC022,FRI007,0.105,81.94,18.06,100.0,100.0,1.065,0.433,0.929,1,0
HEC309,SAG309,CAM006,LOT012,PRO309,FEC008,PAC022,FRI007,0.105,87.88,12.12,100.0,100.0,1.065,2.281,0.929,1,0
HEC310,SAG310,CAM006,LOT012,PRO310,FEC008,PAC022,FRI007,0.105,80.92,19.08,100.0,100.0,1.065,3.315,0.929,1,0
HEC311,SAG311,CAM006,LOT012,PRO311,FEC008,PAC022,FRI007,0.105,75.77,24.23,100.0,100.0,1.065,2.043,0.929,1,0
HEC312,SAG312,CAM006,LOT012,PRO312,FEC008,PAC022,FRI007,0.105,87.28,12.72,100.0,100.0,1.065,4.25,0.929,1,0
HEC313,SAG313,CAM006,LOT012,PRO313,FEC008,PAC022,FRI007,0.105,75.72,24.28,100.0,100.0,1.065,1.825,0.929,1,0
HEC314,SAG314,CAM006,LOT012,PRO314,FEC008,PAC022,FRI007,0.105,76.32,23.68,100.0,100.0,1.065,0.183,0.929,1,0
HEC315,SAG315,CAM006,LOT012,PRO315,FEC008,PAC022,FRI007,0.105,78.2,21.8,100.0,100.0,1.065,2.169,0.929,1,0
HEC316,SAG316,CAM006,LOT012,PRO316,FEC008,PAC022,FRI007,0.105,87.92,12.08,100.0,100.0,1.065,4.865,0.929,1,0
HEC317,SAG317,CAM006,LOT013,PRO317,FEC009,PAC022,FRI008,0.026,88.78,11.22,100.0,100.0,0.981,4.358,0.926,1,0
HEC318,SAG318,CAM006,LOT013,PRO318,FEC009,PAC022,FRI008,0.026,82.31,17.69,100.0,100.0,0.981,0.233,0.926,1,0
HEC319,SAG319,CAM006,LOT013,PRO319,FEC009,PAC022,FRI008,0.026,86.92,13.08,100.0,100.0,0.981,3.486,0.926,1,0
HEC320,SAG320,CAM006,LOT013,PRO320,FEC009,PAC022,FRI008,0.026,83.82,16.18,100.0,100.0,0.981,4.253,0.926,1,0
HEC321,SAG321,CAM006,LOT013,PRO321,FEC009,PAC022,FRI008,0.026,82.12,17.88,100.0,100.0,0.981,4.399,0.926,1,0
HEC322,SAG322,CAM006,LOT013,PRO322,FEC009,PAC022,FRI008,0.026,83.27,16.73,100.0,100.0,0.981,0.697,0.926,1,0
HEC323,SAG323,CAM006,LOT013,PRO323,FEC009,PAC022,FRI008,0.026,79.87,20.13,100.0,100.0,0.981,3.537,0.926,1,0
HEC324,SAG324,CAM006,LOT013,PRO324,FEC009,PAC022,FRI008,0.026,89.97,10.03,100.0,100.0,0.981,1.173,0.926,1,0
HEC325,SAG325,CAM006,LOT013,PRO325,FEC009,PAC022,FRI008,0.026,89.68,10.32,100.0,100.0,0.981,1.859,0.926,1,0
HEC326,SAG326,CAM006,LOT013,PRO326,FEC009,PAC022,FRI008,0.026,83.49,16.51,100.0,100.0,0.981,3.405,0.926,1,0
HEC327,SAG327,CAM006,LOT013,PRO327,FEC009,PAC022,FRI008,0.026,83.11,16.89,100.0,100.0,0.981,0.495,0.926,1,0
HEC328,SAG328,CAM006,LOT013,PRO328,FEC009,PAC023,FRI008,0.026,80.36,19.64,100.0,100.0,0.988,0.941,0.926,1,0
HEC329,SAG329,CAM006,LOT013,PRO329,FEC009,PAC023,FRI008,0.026,88.53,11.47,100.0,100.0,0.988,4.419,0.926,1,0
HEC330,SAG330,CAM006,LOT013,PRO330,FEC009,PAC023,FRI008,0.026,79.01,20.99,100.0,100.0,0.988,3.665,0.926,1,0
HEC331,SAG331,CAM006,LOT013,PRO331,FEC009,PAC023,FRI008,0.026,85.52,14.48,100.0,100.0,0.988,3.162,0.926,1,0
HEC332,SAG332,CAM006,LOT013,PRO332,FEC009,PAC023,FRI008,0.026,81.0,19.0,100.0,100.0,0.988,0.679,0.926,1,0
HEC333,SAG333,CAM006,LOT013,PRO333,FEC009,PAC023,FRI008,0.026,86.6,13.4,100.0,100.0,0.988,2.607,0.926,1,0
HEC334,SAG334,CAM006,LOT013,PRO334,FEC009,PAC023,FRI008,0.026,84.78,15.22,100.0,100.0,0.988,4.979,0.926,1,0
HEC335,SAG335,CAM006,LOT013,PRO335,FEC009,PAC023,FRI008,0.026,79.14,20.86,100.0,100.0,0.988,0.245,0.926,1,0
HEC336,SAG336,CAM006,LOT013,PRO336,FEC009,PAC023,FRI008,0.026,76.92,23.08,100.0,100.0,0.988,0.28,0.926,1,0
HEC337,SAG337,CAM006,LOT013,PRO337,FEC009,PAC023,FRI008,0.026,79.93,20.07,100.0,100.0,0.988,1.429,0.926,1,0
HEC338,SAG338,CAM006,LOT013,PRO338,FEC009,PAC023,FRI008,0.026,85.79,14.21,100.0,100.0,0.988,4.107,0.926,1,0
HEC339,SAG339,CAM006,LOT013,PRO339,FEC009,PAC023,FRI008,0.026,87.19,12.81,100.0,100.0,0.988,1.643,0.926,1,0
HEC340,SAG340,CAM006,LOT013,PRO340,FEC009,PAC023,FRI008,0.026,87.02,12.98,100.0,100.0,0.988,4.888,0.926,1,0
HEC341,SAG341,CAM006,LOT013,PRO341,FEC009,PAC023,FRI008,0.026,87.57,12.43,100.0,100.0,0.988,0.39,0.926,1,0
HEC342,SAG342,CAM006,LOT013,PRO342,FEC009,PAC023,FRI008,0.026,86.06,13.94,100.0,100.0,0.988,1.223,0.926,1,0
HEC343,SAG343,CAM006,LOT013,PRO343,FEC009,PAC023,FRI008,0.026,75.38,24.62,100.0,100.0,0.988,3.003,0.926,1,0
HEC344,SAG344,CAM006,LOT013,PRO344,FEC009,PAC023,FRI008,0.026,77.41,22.59,100.0,100.0,0.988,4.902,0.926,1,0
HEC345,SAG345,CAM006,LOT013,PRO345,FEC009,PAC023,FRI008,0.026,75.33,24.67,100.0,100.0,0.988,3.687,0.926,1,0
HEC346,SAG346,CAM006,LOT013,PRO346,FEC009,PAC023,FRI008,0.026,81.58,18.42,100.0,100.0,0.988,4.502,0.926,1,0
HEC347,SAG347,CAM006,LOT013,PRO347,FEC009,PAC023,FRI008,0.026,88.84,11.16,100.0,100.0,0.988,5.111,0.926,1,0
HEC348,SAG348,CAM006,LOT013,PRO348,FEC009,PAC023,FRI008,0.026,78.07,21.93,100.0,100.0,0.988,1.103,0.926,1,0
HEC349,SAG349,CAM003,LOT014,PRO349,FEC010,PAC024,FRI009,0.049,88.42,11.58,100.0,100.0,2.081,3.147,2.03,1,0
HEC350,SAG350,CAM003,LOT014,PRO350,FEC010,PAC024,FRI009,0.049,87.34,12.66,100.0,100.0,2.081,9.677,2.03,1,0
HEC351,SAG351,CAM003,LOT014,PRO351,FEC010,PAC024,FRI009,0.049,86.55,13.45,100.0,100.0,2.081,3.546,2.03,1,0
HEC352,SAG352,CAM003,LOT014,PRO352,FEC010,PAC024,FRI009,0.049,88.94,11.06,100.0,100.0,2.081,8.209,2.03,1,0
HEC353,SAG353,CAM003,LOT014,PRO353,FEC010,PAC024,FRI009,0.049,81.74,18.26,100.0,100.0,2.081,1.353,2.03,1,0
HEC354,SAG354,CAM003,LOT014,PRO354,FEC010,PAC024,FRI009,0.049,88.41,11.59,100.0,100.0,2.081,0.839,2.03,1,0
HEC355,SAG355,CAM003,LOT014,PRO355,FEC010,PAC024,FRI009,0.049,79.49,20.51,100.0,100.0,2.081,5.558,2.03,1,0
HEC356,SAG356,CAM003,LOT014,PRO356,FEC010,PAC024,FRI009,0.049,84.08,15.92,100.0,100.0,2.081,6.508,2.03,1,0
HEC357,SAG357,CAM003,LOT014,PRO357,FEC010,PAC024,FRI009,0.049,85.31,14.69,100.0,100.0,2.081,7.222,2.03,1,0
HEC358,SAG358,CAM003,LOT014,PRO358,FEC010,PAC024,FRI009,0.049,88.64,11.36,100.0,100.0,2.081,1.3,2.03,1,0
HEC359,SAG359,CAM003,LOT014,PRO359,FEC010,PAC024,FRI009,0.049,82.69,17.31,100.0,100.0,2.081,4.911,2.03,1,0
HEC360,SAG360,CAM003,LOT014,PRO360,FEC010,PAC024,FRI009,0.049,85.48,14.52,100.0,100.0,2.081,5.292,2.03,1,0
HEC361,SAG361,CAM003,LOT014,PRO361,FEC010,PAC024,FRI009,0.049,88.13,11.87,100.0,100.0,2.081,1.624,2.03,1,0
HEC362,SAG362,CAM003,LOT014,PRO362,FEC010,PAC024,FRI009,0.049,84.15,15.85,100.0,100.0,2.081,2.584,2.03,1,0
HEC363,SAG363,CAM003,LOT014,PRO363,FEC010,PAC024,FRI009,0.049,81.13,18.87,100.0,100.0,2.081,1.543,2.03,1,0
HEC364,SAG364,CAM003,LOT014,PRO364,FEC010,PAC024,FRI009,0.049,86.13,13.87,100.0,100.0,2.081,4.029,2.03,1,0
HEC365,SAG365,CAM003,LOT014,PRO365,FEC010,PAC024,FRI009,0.049,86.21,13.79,100.0,100.0,2.081,6.038,2.03,1,0
HEC366,SAG366,CAM003,LOT014,PRO366,FEC010,PAC024,FRI009,0.049,89.92,10.08,100.0,100.0,2.081,3.26,2.03,1,0
HEC367,SAG367,CAM003,LOT014,PRO367,FEC010,PAC024,FRI009,0.049,78.85,21.15,100.0,100.0,2.081,6.983,2.03,1,0
HEC368,SAG368,CAM003,LOT014,PRO368,FEC010,PAC024,FRI009,0.049,86.01,13.99,100.0,100.0,2.081,3.027,2.03,1,0
HEC369,SAG369,CAM003,LOT014,PRO369,FEC010,PAC024,FRI009,0.049,79.55,20.45,100.0,100.0,2.081,8.041,2.03,1,0
HEC370,SAG370,CAM003,LOT014,PRO370,FEC010,PAC024,FRI009,0.049,75.92,24.08,100.0,100.0,2.081,7.329,2.03,1,0
HEC371,SAG371,CAM003,LOT014,PRO371,FEC010,PAC024,FRI009,0.049,86.8,13.2,100.0,100.0,2.081,8.067,2.03,1,0
HEC372,SAG372,CAM003,LOT014,PRO372,FEC010,PAC024,FRI009,0.049,77.13,22.87,100.0,100.0,2.081,2.47,2.03,1,0
HEC373,SAG373,CAM003,LOT014,PRO373,FEC010,PAC024,FRI009,0.049,87.12,12.88,100.0,100.0,2.081,7.201,2.03,1,0
HEC374,SAG374,CAM003,LOT014,PRO374,FEC010,PAC024,FRI009,0.049,76.17,23.83,100.0,100.0,2.081,3.062,2.03,1,0
HEC375,SAG375,CAM003,LOT014,PRO375,FEC010,PAC024,FRI009,0.049,74.99,25.01,100.0,100.0,2.081,3.806,2.03,1,0
HEC376,SAG376,CAM003,LOT014,PRO376,FEC010,PAC024,FRI009,0.049,82.54,17.46,100.0,100.0,2.081,4.297,2.03,1,0
HEC377,SAG377,CAM003,LOT014,PRO377,FEC010,PAC024,FRI009,0.049,85.96,14.04,100.0,100.0,2.081,7.788,2.03,1,0
HEC378,SAG378,CAM003,LOT014,PRO378,FEC010,PAC024,FRI009,0.049,86.68,13.32,100.0,100.0,2.081,0.542,2.03,1,0
HEC379,SAG379,CAM003,LOT014,PRO379,FEC010,PAC024,FRI009,0.049,88.47,11.53,100.0,100.0,2.081,7.51,2.03,1,0
HEC380,SAG380,CAM003,LOT014,PRO380,FEC010,PAC024,FRI009,0.049,83.18,16.82,100.0,100.0,2.081,6.669,2.03,1,0
HEC381,SAG381,CAM003,LOT014,PRO381,FEC010,PAC024,FRI009,0.049,84.03,15.97,100.0,100.0,2.081,8.614,2.03,1,0
HEC382,SAG382,CAM003,LOT014,PRO382,FEC010,PAC024,FRI009,0.049,77.47,22.53,100.0,100.0,2.081,2.793,2.03,1,0
HEC383,SAG383,CAM003,LOT014,PRO383,FEC010,PAC024,FRI009,0.049,86.15,13.85,100.0,100.0,2.081,5.628,2.03,1,0
HEC384,SAG384,CAM003,LOT014,PRO384,FEC010,PAC024,FRI009,0.049,79.07,20.93,100.0,100.0,2.081,6.567,2.03,1,0
HEC385,SAG385,CAM003,LOT014,PRO385,FEC010,PAC024,FRI009,0.049,77.37,22.63,100.0,100.0,2.081,6.831,2.03,1,0
HEC386,SAG386,CAM003,LOT014,PRO386,FEC010,PAC024,FRI009,0.049,78.5,21.5,100.0,100.0,2.081,3.051,2.03,1,0
HEC387,SAG387,CAM003,LOT014,PRO387,FEC010,PAC024,FRI009,0.049,75.11,24.89,100.0,100.0,2.081,2.579,2.03,1,0
HEC388,SAG388,CAM003,LOT014,PRO388,FEC010,PAC024,FRI009,0.049,89.2,10.8,100.0,100.0,2.081,2.45,2.03,1,0
HEC389,SAG389,CAM003,LOT014,PRO389,FEC010,PAC024,FRI009,0.049,84.95,15.05,100.0,100.0,2.081,3.086,2.03,1,0
HEC390,SAG390,CAM003,LOT014,PRO390,FEC010,PAC024,FRI009,0.049,78.75,21.25,100.0,100.0,2.081,6.928,2.03,1,0
HEC391,SAG391,CAM003,LOT014,PRO391,FEC010,PAC024,FRI009,0.049,78.34,21.66,100.0,100.0,2.081,3.419,2.03,1,0
HEC392,SAG392,CAM003,LOT014,PRO392,FEC010,PAC024,FRI009,0.049,75.6,24.4,100.0,100.0,2.081,7.12,2.03,1,0
HEC393,SAG393,CAM003,LOT014,PRO393,FEC010,PAC024,FRI009,0.049,87.76,12.24,100.0,100.0,2.081,7.383,2.03,1,0
HEC394,SAG394,CAM003,LOT014,PRO394,FEC010,PAC024,FRI009,0.049,89.25,10.75,100.0,100.0,2.081,3.274,2.03,1,0
HEC395,SAG395,CAM003,LOT014,PRO395,FEC010,PAC024,FRI009,0.049,80.77,19.23,100.0,100.0,2.081,2.552,2.03,1,0
HEC396,SAG396,CAM003,LOT014,PRO396,FEC010,PAC024,FRI009,0.049,76.24,23.76,100.0,100.0,2.081,5.502,2.03,1,0
HEC397,SAG397,CAM003,LOT014,PRO397,FEC010,PAC024,FRI009,0.049,85.84,14.16,100.0,100.0,2.081,2.439,2.03,1,0
HEC398,SAG398,CAM003,LOT014,PRO398,FEC010,PAC024,FRI009,0.049,80.03,19.97,100.0,100.0,2.081,7.169,2.03,1,0
HEC399,SAG399,CAM003,LOT014,PRO399,FEC010,PAC024,FRI009,0.049,89.47,10.53,100.0,100.0,2.081,0.783,2.03,1,0
HEC400,SAG400,CAM003,LOT014,PRO400,FEC010,PAC024,FRI009,0.049,76.13,23.87,100.0,100.0,2.081,6.728,2.03,1,0
HEC401,SAG401,CAM003,LOT014,PRO401,FEC010,PAC024,FRI009,0.049,79.17,20.83,100.0,100.0,2.081,3.147,2.03,1,0
HEC402,SAG402,CAM003,LOT014,PRO402,FEC010,PAC024,FRI009,0.049,85.04,14.96,100.0,100.0,2.081,9.371,2.03,1,0
HEC403,SAG403,CAM003,LOT014,PRO403,FEC010,PAC024,FRI009,0.049,82.44,17.56,100.0,100.0,2.081,3.5,2.03,1,0
HEC404,SAG404,CAM003,LOT014,PRO404,FEC010,PAC025,FRI009,0.049,82.28,17.72,100.0,100.0,2.101,8.691,2.03,1,0
HEC405,SAG405,CAM003,LOT014,PRO405,FEC010,PAC025,FRI009,0.049,82.77,17.23,100.0,100.0,2.101,1.997,2.03,1,0
HEC406,SAG406,CAM003,LOT014,PRO406,FEC010,PAC025,FRI009,0.049,81.31,18.69,100.0,100.0,2.101,6.814,2.03,1,0
HEC407,SAG407,CAM003,LOT014,PRO407,FEC010,PAC025,FRI009,0.049,85.64,14.36,100.0,100.0,2.101,8.622,2.03,1,0
HEC408,SAG408,CAM003,LOT014,PRO408,FEC010,PAC025,FRI009,0.049,87.67,12.33,100.0,100.0,2.101,9.027,2.03,1,0
HEC409,SAG409,CAM003,LOT014,PRO409,FEC010,PAC025,FRI009,0.049,85.59,14.41,100.0,100.0,2.101,0.746,2.03,1,0
HEC410,SAG410,CAM003,LOT014,PRO410,FEC010,PAC025,FRI009,0.049,76.83,23.17,100.0,100.0,2.101,6.594,2.03,1,0
HEC411,SAG411,CAM003,LOT014,PRO411,FEC010,PAC025,FRI009,0.049,88.07,11.93,100.0,100.0,2.101,6.516,2.03,1,0
HEC412,SAG412,CAM003,LOT014,PRO412,FEC010,PAC025,FRI009,0.049,88.32,11.68,100.0,100.0,2.101,1.689,2.03,1,0
HEC413,SAG413,CAM003,LOT014,PRO413,FEC010,PAC025,FRI009,0.049,83.6,16.4,100.0,100.0,2.101,0.686,2.03,1,0
HEC414,SAG414,CAM003,LOT014,PRO414,FEC010,PAC025,FRI009,0.049,82.61,17.39,100.0,100.0,2.101,2.163,2.03,1,0
HEC415,SAG415,CAM003,LOT014,PRO415,FEC010,PAC026,FRI009,0.049,81.79,18.21,100.0,100.0,2.11,5.279,2.03,1,0
HEC416,SAG416,CAM003,LOT014,PRO416,FEC010,PAC026,FRI009,0.049,84.17,15.83,100.0,100.0,2.11,1.323,2.03,1,0
HEC417,SAG417,CAM003,LOT014,PRO417,FEC010,PAC026,FRI009,0.049,76.97,23.03,100.0,100.0,2.11,2.28,2.03,1,0
HEC418,SAG418,CAM003,LOT014,PRO418,FEC010,PAC026,FRI009,0.049,87.61,12.39,100.0,100.0,2.11,2.812,2.03,1,0
HEC419,SAG419,CAM003,LOT014,PRO419,FEC010,PAC026,FRI009,0.049,89.75,10.25,100.0,100.0,2.11,5.486,2.03,1,0
HEC420,SAG420,CAM003,LOT014,PRO420,FEC010,PAC026,FRI009,0.049,79.34,20.66,100.0,100.0,2.11,2.184,2.03,1,0
HEC421,SAG421,CAM003,LOT014,PRO421,FEC010,PAC026,FRI009,0.049,84.56,15.44,100.0,100.0,2.11,3.674,2.03,1,0
HEC422,SAG422,CAM003,LOT014,PRO422,FEC010,PAC026,FRI009,0.049,83.87,16.13,100.0,100.0,2.11,4.328,2.03,1,0
HEC423,SAG423,CAM003,LOT014,PRO423,FEC010,PAC026,FRI009,0.049,77.96,22.04,100.0,100.0,2.11,4.424,2.03,1,0
HEC424,SAG424,CAM003,LOT014,PRO424,FEC010,PAC026,FRI009,0.049,84.71,15.29,100.0,100.0,2.11,2.523,2.03,1,0
HEC425,SAG425,CAM003,LOT014,PRO425,FEC010,PAC026,FRI009,0.049,83.39,16.61,100.0,100.0,2.11,2.376,2.03,1,0
HEC426,SAG426,CAM003,LOT014,PRO426,FEC010,PAC027,FRI009,0.049,79.38,20.62,100.0,100.0,2.122,6.353,2.03,1,0
HEC427,SAG427,CAM003,LOT014,PRO427,FEC010,PAC027,FRI009,0.049,76.41,23.59,100.0,100.0,2.122,4.71,2.03,1,0
HEC428,SAG428,CAM003,LOT014,PRO428,FEC010,PAC027,FRI009,0.049,85.32,14.68,100.0,100.0,2.122,0.904,2.03,1,0
HEC429,SAG429,CAM003,LOT014,PRO429,FEC010,PAC027,FRI009,0.049,81.48,18.52,100.0,100.0,2.122,5.788,2.03,1,0
HEC430,SAG430,CAM003,LOT014,PRO430,FEC010,PAC027,FRI009,0.049,85.23,14.77,100.0,100.0,2.122,0.391,2.03,1,0
HEC431,SAG431,CAM003,LOT014,PRO431,FEC010,PAC027,FRI009,0.049,89.11,10.89,100.0,100.0,2.122,2.181,2.03,1,0
HEC432,SAG432,CAM003,LOT014,PRO432,FEC010,PAC027,FRI009,0.049,81.25,18.75,100.0,100.0,2.122,7.16,2.03,1,0
HEC433,SAG433,CAM003,LOT014,PRO433,FEC010,PAC027,FRI009,0.049,89.8,10.2,100.0,100.0,2.122,4.243,2.03,1,0
HEC434,SAG434,CAM003,LOT014,PRO434,FEC010,PAC027,FRI009,0.049,75.2,24.8,100.0,100.0,2.122,0.822,2.03,1,0
HEC435,SAG435,CAM003,LOT014,PRO435,FEC010,PAC027,FRI009,0.049,82.05,17.95,100.0,100.0,2.122,7.488,2.03,1,0
HEC436,SAG436,CAM003,LOT014,PRO436,FEC010,PAC027,FRI009,0.049,87.4,12.6,100.0,100.0,2.122,4.101,2.03,1,0
HEC437,SAG437,CAM003,LOT014,PRO437,FEC010,PAC027,FRI009,0.049,82.37,17.63,100.0,100.0,2.122,1.313,2.03,1,0
HEC438,SAG438,CAM003,LOT014,PRO438,FEC010,PAC027,FRI009,0.049,86.41,13.59,100.0,100.0,2.122,1.548,2.03,1,0
HEC439,SAG439,CAM003,LOT014,PRO439,FEC010,PAC027,FRI009,0.049,85.27,14.73,100.0,100.0,2.122,1.961,2.03,1,0
HEC440,SAG440,CAM003,LOT014,PRO440,FEC010,PAC027,FRI009,0.049,77.79,22.21,100.0,100.0,2.122,3.464,2.03,1,0
HEC441,SAG441,CAM003,LOT014,PRO441,FEC010,PAC027,FRI009,0.049,85.18,14.82,100.0,100.0,2.122,2.944,2.03,1,0
HEC442,SAG442,CAM003,LOT014,PRO442,FEC010,PAC027,FRI009,0.049,81.95,18.05,100.0,100.0,2.122,4.818,2.03,1,0
HEC443,SAG443,CAM003,LOT014,PRO443,FEC010,PAC027,FRI009,0.049,83.73,16.27,100.0,100.0,2.122,2.67,2.03,1,0
HEC444,SAG444,CAM003,LOT014,PRO444,FEC010,PAC027,FRI009,0.049,78.44,21.56,100.0,100.0,2.122,2.252,2.03,1,0
HEC445,SAG445,CAM003,LOT014,PRO445,FEC010,PAC027,FRI009,0.049,79.3,20.7,100.0,100.0,2.122,3.036,2.03,1,0
HEC446,SAG446,CAM003,LOT014,PRO446,FEC010,PAC027,FRI009,0.049,87.71,12.29,100.0,100.0,2.122,5.053,2.03,1,0
HEC447,SAG447,CAM003,LOT014,PRO447,FEC010,PAC027,FRI009,0.049,81.42,18.58,100.0,100.0,2.122,3.831,2.03,1,0
HEC448,SAG448,CAM003,LOT014,PRO448,FEC010,PAC027,FRI009,0.049,89.34,10.66,100.0,100.0,2.122,2.913,2.03,1,0
HEC449,SAG449,CAM003,LOT014,PRO449,FEC010,PAC027,FRI009,0.049,76.6,23.4,100.0,100.0,2.122,2.739,2.03,1,0
